{"model_data": {"model": "SimpleRNN", "input_size": 1, "skip": 1, "output_size": 1, "unit_type": "LSTM", "num_layers": 1, "hidden_size": 12, "bias_fl": true}, "state_dict": {"rec.weight_ih_l0": [[0.05449635162949562], [-0.2977569103240967], [-0.16417862474918365], [0.3076331913471222], [0.027968788519501686], [-0.6951785087585449], [-0.04003871604800224], [0.43701818585395813], [-0.3509763479232788], [0.03923443704843521], [0.036839280277490616], [-0.025876959785819054], [-0.09563714265823364], [0.5677129626274109], [-0.5792019963264465], [0.34820878505706787], [-0.12253743410110474], [0.3918706774711609], [-0.3122597336769104], [0.09158316999673843], [-0.12208046019077301], [0.19749487936496735], [-0.07323122769594193], [0.14928637444972992], [-0.5689988732337952], [-0.23720389604568481], [0.1416126787662506], [-0.8517387509346008], [-0.979956328868866], [0.12027422338724136], [0.20445005595684052], [0.9553058743476868], [0.9669640064239502], [-0.3746691644191742], [1.7293953895568848], [0.5561236143112183], [0.02611997164785862], [0.017237313091754913], [-0.04079129174351692], [0.16046923398971558], [-0.019833147525787354], [-0.17447753250598907], [0.05234070122241974], [0.23008392751216888], [-0.04402606561779976], [0.2959446609020233], [0.005878385156393051], [-0.03886595368385315]], "rec.weight_hh_l0": [[-0.035041458904743195, 0.17082974314689636, -0.2783142030239105, -0.38478443026542664, -0.08920891582965851, -0.2695954740047455, -0.07732922583818436, -0.15274189412593842, -0.2596735954284668, -0.12370415776968002, -0.012602527625858784, -0.13852979242801666], [0.3385128676891327, 0.14929457008838654, 0.21652883291244507, 0.3615775406360626, -0.16956698894500732, 0.1809496283531189, 1.0704150199890137, -0.9373273849487305, -0.20904295146465302, 0.6404298543930054, -0.1710963249206543, 0.7490139007568359], [-0.24831463396549225, -0.05932435020804405, -0.354903906583786, -0.005607152357697487, 0.12085574865341187, 0.08321621268987656, 0.4496098458766937, -0.10913236439228058, 0.0060282256454229355, 0.16972334682941437, -0.059435129165649414, -0.3188660442829132], [0.11447851359844208, -0.03170895203948021, -0.25993889570236206, 0.2870364785194397, 0.2583704888820648, -0.09017784148454666, -0.19332079589366913, 0.05207620561122894, 0.21211887896060944, -0.41633346676826477, 0.17061953246593475, -0.37209293246269226], [0.10635251551866531, 0.050603967159986496, -0.11639152467250824, -0.05057890713214874, 0.02990853600203991, -0.5264954566955566, -0.44386935234069824, 0.4827656149864197, 0.10459095984697342, -0.32526615262031555, 0.0072745028883218765, -0.443196564912796], [0.10825600475072861, -0.39980050921440125, 0.21283277869224548, 0.38713330030441284, 0.2649710476398468, 0.5013287663459778, 0.6014564633369446, -0.5470657348632812, -0.8171289563179016, 0.8262530565261841, -0.02656325325369835, 0.5989858508110046], [-0.03066873364150524, -0.18163734674453735, -0.10686498135328293, 0.19819673895835876, 0.25100886821746826, 0.03185218945145607, 0.2166811227798462, -0.42560750246047974, 0.028339248150587082, 0.28297096490859985, -0.11125411093235016, -0.04273025318980217], [-0.09517951309680939, 0.23355627059936523, -0.39466702938079834, -0.0427493192255497, -0.16234180331230164, 0.3702552616596222, 0.3868863880634308, 0.19568301737308502, 0.41232866048812866, 0.14084210991859436, 0.036806102842092514, -0.46225231885910034], [-0.22131472826004028, 0.08483792841434479, -0.48055994510650635, 0.05218125879764557, -0.01118430681526661, 0.08404810726642609, -0.006346316542476416, -0.1063571572303772, 0.41267135739326477, 0.7204385995864868, -0.1576794683933258, -0.6162121891975403], [-0.056104738265275955, 0.2953185439109802, -0.5848334431648254, -0.2752181887626648, -0.08484207838773727, 0.11129353940486908, 0.16485373675823212, -0.6770288944244385, 0.3858635723590851, -0.7200899124145508, -0.19902107119560242, -0.11547663062810898], [0.007702425122261047, -0.03773461654782295, -0.3972800374031067, 0.1062290146946907, 0.12512826919555664, -0.13795578479766846, -0.1899690479040146, 0.17960712313652039, 0.12342728674411774, -0.18365833163261414, -0.13497526943683624, -0.362504243850708], [0.05928962305188179, 0.058193180710077286, -0.4091300368309021, -0.096744604408741, 0.20627674460411072, 0.3303651213645935, 0.026137979701161385, -0.4090563952922821, 0.10435143113136292, -0.1852560192346573, -0.1022145226597786, -0.28698667883872986], [0.2239501178264618, -0.1609717756509781, -0.32885727286338806, -0.3668162226676941, -0.06213812902569771, -0.6073501110076904, -0.1982804536819458, 0.026337500661611557, -0.15290099382400513, -0.2208452969789505, -0.08619657158851624, -0.05934224650263786], [-0.14962393045425415, 0.2909642159938812, 0.2591283917427063, 0.429384708404541, 0.006732514593750238, -0.3359724283218384, -0.5559298396110535, 0.6624079346656799, 0.6214905977249146, -0.5490984320640564, -0.02691853605210781, -0.9233658313751221], [-0.10911671072244644, -0.32030993700027466, -0.36596813797950745, -0.020902128890156746, -0.1663607954978943, -0.2856728434562683, -0.48727303743362427, 0.9345875382423401, -0.054847508668899536, -0.4511550962924957, -0.08395999670028687, -0.28482896089553833], [0.09514755010604858, -0.3233632743358612, 0.027853060513734818, 0.26105621457099915, 0.09629817306995392, 0.08383883535861969, -0.06356850266456604, -0.12119335681200027, 0.03916766494512558, -0.45242932438850403, 0.5741255283355713, 0.16895446181297302], [-0.06431104987859726, 0.00641105230897665, -0.5989997982978821, -0.012621548026800156, 0.06414256244897842, -0.0536138080060482, -0.20249204337596893, 0.752843976020813, -0.6248321533203125, -0.586728036403656, -0.054611772298812866, 0.041534118354320526], [-0.3198753595352173, 0.48316410183906555, 0.024713456630706787, -0.2557888329029083, -0.23517292737960815, -0.13805468380451202, -0.46520644426345825, 0.7896670699119568, -0.8208546042442322, -0.8063609600067139, -0.49855875968933105, -0.5688982009887695], [-0.03492023050785065, 0.20860271155834198, -0.386180579662323, -0.07760640233755112, -0.212616965174675, -0.6434717774391174, -0.37199661135673523, -0.12920710444450378, -0.043811652809381485, -0.7025197148323059, -0.24019774794578552, -0.623198390007019], [0.0430704690515995, 0.48113203048706055, -0.4088059067726135, -0.6547906994819641, 0.11966690421104431, -0.08580856025218964, 0.3147972524166107, 0.35448455810546875, 0.13246329128742218, -0.7819523215293884, 0.05037745460867882, -0.5125314593315125], [0.3564995229244232, 0.08300599455833435, -0.05086744204163551, -0.5188084840774536, -0.16684457659721375, 0.18147683143615723, 0.170062854886055, -0.1572813242673874, 0.26024121046066284, -0.926047682762146, 0.0673285499215126, -0.611176609992981], [-0.15153653919696808, 0.06190308555960655, -0.18716855347156525, -0.26319509744644165, -0.1520644724369049, 0.2673913240432739, 0.20723719894886017, -0.46343961358070374, 0.5614286661148071, -0.8103371262550354, -0.03707319498062134, -0.39994949102401733], [0.0786665678024292, -0.23510073125362396, -0.40759027004241943, 0.35907575488090515, -0.037348948419094086, -0.17156004905700684, -0.11419977992773056, 0.21465511620044708, 0.20950286090373993, -0.13398954272270203, -0.24218954145908356, -0.5630755424499512], [-0.18272438645362854, 0.08882009238004684, -0.3918820321559906, -0.2943384051322937, 0.015918945893645287, -0.3211912214756012, -0.7493137121200562, 0.8278355002403259, 0.41908830404281616, -0.07138935476541519, -0.12253494560718536, -0.5373241305351257], [-0.0471380390226841, -0.950084388256073, -0.3811979591846466, 0.387952983379364, 0.10640094429254532, 0.05281659588217735, -0.005125589668750763, 0.5607830882072449, 0.42710816860198975, 0.19449026882648468, -0.5501999258995056, 0.4211008548736572], [-0.22831197082996368, 0.2743634581565857, 0.15929779410362244, -0.005712972022593021, 0.14173591136932373, 0.11943288147449493, 0.2770238220691681, 0.48066380620002747, -0.08628945052623749, 0.23273232579231262, -0.31598901748657227, 