{
    "current_epoch": 212,
    "training_losses": [
        0.6095942258834839,
        0.37817224860191345,
        0.24485936760902405,
        0.2046751230955124,
        0.18867464363574982,
        0.18389484286308289,
        0.16042254865169525,
        0.14356425404548645,
        0.13223204016685486,
        0.1317857950925827,
        0.1743062287569046,
        0.0814356580376625,
        0.06834625452756882,
        0.06712500751018524,
        0.09061098843812943,
        0.3555194139480591,
        0.12395264953374863,
        0.06925776600837708,
        0.06336469203233719,
        0.06565068662166595,
        0.05815473198890686,
        0.05799372121691704,
        0.055953554809093475,
        0.061409518122673035,
        0.05632486939430237,
        0.0536082498729229,
        0.05629478767514229,
        0.05066949501633644,
        0.048017073422670364,
        0.05060417205095291,
        0.042370568960905075,
        0.041925396770238876,
        0.04100708290934563,
        0.04409206658601761,
        0.038401372730731964,
        0.04653121158480644,
        0.04179774597287178,
        0.04817343130707741,
        0.04130234196782112,
        0.036081116646528244,
        0.03559179604053497,
        0.034987032413482666,
        0.03487048298120499,
        0.03516923636198044,
        0.03533579409122467,
        0.035169996321201324,
        0.03356745466589928,
        0.03459479659795761,
        0.034772343933582306,
        0.03497631475329399,
        0.0376192182302475,
        0.03583044558763504,
        0.035615697503089905,
        0.033880814909935,
        0.030086735263466835,
        0.029666606336832047,
        0.028856150805950165,
        0.029620878398418427,
        0.029553983360528946,
        0.029157165437936783,
        0.030740121379494667,
        0.029397431761026382,
        0.029356425628066063,
        0.02815997041761875,
        0.026818545535206795,
        0.028093090280890465,
        0.027691729366779327,
        0.02699296362698078,
        0.025938017293810844,
        0.026261959224939346,
        0.02614034339785576,
        0.02515440806746483,
        0.029618417844176292,
        0.027451222762465477,
        0.025559524074196815,
        0.024364136159420013,
        0.024486349895596504,
        0.023972218856215477,
        0.027380093932151794,
        0.025679700076580048,
        0.02400112897157669,
        0.02273646555840969,
        0.021914692595601082,
        0.02386464737355709,
        0.023340703919529915,
        0.021819377318024635,
        0.021116556599736214,
        0.021753210574388504,
        0.021211417391896248,
        0.02052135579288006,
        0.02070467732846737,
        0.021676989272236824,
        0.020763365551829338,
        0.020772211253643036,
        0.020047998055815697,
        0.019690651446580887,
        0.01970205456018448,
        0.02014325186610222,
        0.023408809676766396,
        0.03153818100690842,
        0.019363388419151306,
        0.01926189661026001,
        0.019189322367310524,
        0.01990273967385292,
        0.019292572513222694,
        0.018793517723679543,
        0.0193562600761652,
        0.01931624673306942,
        0.019192537292838097,
        0.018411725759506226,
        0.018106505274772644,
        0.018787849694490433,
        0.018340565264225006,
        0.01917295530438423,
        0.018523119390010834,
        0.018409693613648415,
        0.01881970837712288,
        0.017871132120490074,
        0.01814202591776848,
        0.01795264147222042,
        0.018064673990011215,
        0.017815981060266495,
        0.018675416707992554,
        0.018035218119621277,
        0.017656316980719566,
        0.018009904772043228,
        0.018069200217723846,
        0.017844095826148987,
        0.01767238974571228,
        0.0173973198980093,
        0.01760505698621273,
        0.017848605290055275,
        0.01721441000699997,
        0.016905540600419044,
        0.017007827758789062,
        0.01696351356804371,
        0.017327992245554924,
        0.01718917489051819,
        0.0169268399477005,
        0.016861557960510254,
        0.017908185720443726,
        0.01693630963563919,
        0.016749436035752296,
        0.01706669107079506,
        0.017433930188417435,
        0.017510978505015373,
        0.017291348427534103,
        0.01688479632139206,
        0.016691293567419052,
        0.017204467207193375,
        0.017550915479660034,
        0.017000120133161545,
        0.016736110672354698,
        0.0164780430495739,
        0.016511527821421623,
        0.01643732376396656,
        0.016396429389715195,
        0.016394922509789467,
        0.01641177013516426,
        0.016454553231596947,
        0.01616438291966915,
        0.01658780872821808,
        0.016666051000356674,
        0.016287703067064285,
        0.01658126339316368,
        0.01644682139158249,
        0.01593610644340515,
        0.01630755327641964,
        0.01669940911233425,
        0.016362128779292107,
        0.01654110848903656,
        0.016572225838899612,
        0.01623012311756611,
        0.016051113605499268,
        0.01623847335577011,
        0.01632210612297058,
        0.015810228884220123,
        0.015897486358880997,
        0.016297055408358574,
        0.01641014777123928,
        0.016425594687461853,
        0.016059918329119682,
        0.01624518632888794,
        0.015840619802474976,
        0.016098564490675926,
        0.016049403697252274,
        0.0165761336684227,
        0.016019022092223167,
        0.016179267317056656,
        0.016157470643520355,
        0.016279086470603943,
        0.01607334613800049,
        0.01601097732782364,
        0.016185378655791283,
        0.015983276069164276,
        0.015962747856974602,
        0.01587916538119316,
        0.01604047231376171,
        0.015943333506584167,
        0.01594211906194687,
        0.015859682112932205,
        0.016095317900180817,
        0.01607830822467804,
        0.01628641039133072,
        0.01600583642721176,
        0.01607605256140232,
        0.015728013589978218,
        0.01588381454348564,
        0.016154995188117027,
        0.01591460406780243,
        0.01622164063155651,
        0.01626589149236679
    ],